Captions,Label
home depot dewalt 20v max toughsystem 6tool combo kit 499 save 250 free shipping,Scam
natural australian opal doublets 635ct only 64 reference coin is a penny 19mm or 34 please claim with me or mine first class usps shipping 6 international shipping 23 canada 15 please send dm if international first one to claim me or mine wins natural bestdeals turquoise for sale turquoiseterritory turquoise over diamonds cab cabs cabochon cabochonmaker cabsforsale camericanturquoiseabsupplier turquoise nevada forsale turquoiseoverdiamonds cabsforsale cabachonsupplier cabachons silversmith turquoisejewelry turquoiseterritory cabsforsale instasmithy roystonturquoise sonorangoldturquoise,Scam
natural australian opal doublets 35mm 424ct only 42 reference coin is a penny 19mm or 34 please claim with me or mine first class usps shipping 6 international shipping 23 canada 15 please send dm if international first one to claim me or mine wins natural bestdeals turquoise for sale turquoiseterritory turquoise over diamonds cab cabs cabochon cabochonmaker cabsforsale camericanturquoiseabsupplier turquoise nevada forsale turquoiseoverdiamonds cabsforsale cabachonsupplier cabachons silversmith turquoisejewelry turquoiseterritory cabsforsale instasmithy roystonturquoise sonorangoldturquoise,Scam
natural australian opal doublets 435ct only 44 reference coin is a penny 19mm or 34 please claim with me or mine first class usps shipping 6 international shipping 23 canada 15 please send dm if international first one to claim me or mine wins natural bestdeals turquoise for sale turquoiseterritory turquoise over diamonds cab cabs cabochon cabochonmaker cabsforsale camericanturquoiseabsupplier turquoise nevada forsale turquoiseoverdiamonds cabsforsale cabachonsupplier cabachons silversmith turquoisejewelry turquoiseterritory cabsforsale instasmithy roystonturquoise sonorangoldturquoise,Scam
natural australian opal doublets 544ct only 54 reference coin is a penny 19mm or 34 please claim with me or mine first class usps shipping 6 international shipping 23 canada 15 please send dm if international first one to claim me or mine wins natural bestdeals turquoise for sale turquoiseterritory turquoise over diamonds cab cabs cabochon cabochonmaker cabsforsale camericanturquoiseabsupplier turquoise nevada forsale turquoiseoverdiamonds cabsforsale cabachonsupplier cabachons silversmith turquoisejewelry turquoiseterritory cabsforsale instasmithy roystonturquoise sonorangoldturquoise,Scam
natural australian opal doublets 22ct only 22 reference coin is a penny 19mm or 34 please claim with me or mine first class usps shipping 6 international shipping 23 canada 15 please send dm if international first one to claim me or mine wins natural bestdeals turquoise for sale turquoiseterritory turquoise over diamonds cab cabs cabochon cabochonmaker cabsforsale camericanturquoiseabsupplier turquoise nevada forsale turquoiseoverdiamonds cabsforsale cabachonsupplier cabachons silversmith turquoisejewelry turquoiseterritory cabsforsale instasmithy roystonturquoise sonorangoldturquoise,Scam
natural australian opal doublet 1592ct only 127 reference coin is a penny 19mm or 34 please claim with me or mine first class usps shipping 6 international shipping 23 canada 15 please send dm if international first one to claim me or mine wins natural bestdeals turquoise for sale turquoiseterritory turquoise over diamonds cab cabs cabochon cabochonmaker cabsforsale camericanturquoiseabsupplier turquoise nevada forsale turquoiseoverdiamonds cabsforsale cabachonsupplier cabachons silversmith turquoisejewelry turquoiseterritory cabsforsale instasmithy roystonturquoise sonorangoldturquoise,Scam
natural australian opal doublet 161ct only 16 reference coin is a penny 19mm or 34 please claim with me or mine first class usps shipping 6 international shipping 23 canada 15 please send dm if international first one to claim me or mine wins natural bestdeals turquoise for sale turquoiseterritory turquoise over diamonds cab cabs cabochon cabochonmaker cabsforsale camericanturquoiseabsupplier turquoise nevada forsale turquoiseoverdiamonds cabsforsale cabachonsupplier cabachons silversmith turquoisejewelry turquoiseterritory cabsforsale instasmithy roystonturquoise sonorangoldturquoise,Scam
natural australian opal doublets 414ct only 40 reference coin is a penny 19mm or 34 please claim with me or mine first class usps shipping 6 international shipping 23 canada 15 please send dm if international first one to claim me or mine wins natural bestdeals turquoise for sale turquoiseterritory turquoise over diamonds cab cabs cabochon cabochonmaker cabsforsale camericanturquoiseabsupplier turquoise nevada forsale turquoiseoverdiamonds cabsforsale cabachonsupplier cabachons silversmith turquoisejewelry turquoiseterritory cabsforsale instasmithy roystonturquoise sonorangoldturquoise,Scam
natural australian opal doublets 25ct only 25 reference coin is a penny 19mm or 34 please claim with me or mine first class usps shipping 6 international shipping 23 canada 15 please send dm if international first one to claim me or mine wins natural bestdeals turquoise for sale turquoiseterritory turquoise over diamonds cab cabs cabochon cabochonmaker cabsforsale camericanturquoiseabsupplier turquoise nevada forsale turquoiseoverdiamonds cabsforsale cabachonsupplier cabachons silversmith turquoisejewelry turquoiseterritory cabsforsale instasmithy roystonturquoise sonorangoldturquoise,Scam
natural australian opal doublets 35mm 12ct only 12 reference coin is a penny 19mm or 34 please claim with me or mine first class usps shipping 6 international shipping 23 canada 15 please send dm if international first one to claim me or mine wins natural bestdeals turquoise for sale turquoiseterritory turquoise over diamonds cab cabs cabochon cabochonmaker cabsforsale camericanturquoiseabsupplier turquoise nevada forsale turquoiseoverdiamonds cabsforsale cabachonsupplier cabachons silversmith turquoisejewelry turquoiseterritory cabsforsale instasmithy roystonturquoise sonorangoldturquoise,Scam
natural australian opal doublets 577ct only 58 reference coin is a penny 19mm or 34 please claim with me or mine first class usps shipping 6 international shipping 23 canada 15 please send dm if international first one to claim me or mine wins natural bestdeals turquoise for sale turquoiseterritory turquoise over diamonds cab cabs cabochon cabochonmaker cabsforsale camericanturquoiseabsupplier turquoise nevada forsale turquoiseoverdiamonds cabsforsale cabachonsupplier cabachons silversmith turquoisejewelry turquoiseterritory cabsforsale instasmithy roystonturquoise sonorangoldturquoise,Scam
natural australian opal doublets 507ct only 51 reference coin is a penny 19mm or 34 please claim with me or mine first class usps shipping 6 international shipping 23 canada 15 please send dm if international first one to claim me or mine wins natural bestdeals turquoise for sale turquoiseterritory turquoise over diamonds cab cabs cabochon cabochonmaker cabsforsale camericanturquoiseabsupplier turquoise nevada forsale turquoiseoverdiamonds cabsforsale cabachonsupplier cabachons silversmith turquoisejewelry turquoiseterritory cabsforsale instasmithy roystonturquoise sonorangoldturquoise,Scam
natural australian opal doublets 4ct only 40 reference coin is a penny 19mm or 34 please claim with me or mine first class usps shipping 6 international shipping 23 canada 15 please send dm if international first one to claim me or mine wins natural bestdeals turquoise for sale turquoiseterritory turquoise over diamonds cab cabs cabochon cabochonmaker cabsforsale camericanturquoiseabsupplier turquoise nevada forsale turquoiseoverdiamonds cabsforsale cabachonsupplier cabachons silversmith turquoisejewelry turquoiseterritory cabsforsale instasmithy roystonturquoise sonorangoldturquoise,Scam
natural australian opal doublets 1036ct only 104 reference coin is a penny 19mm or 34 please claim with me or mine first class usps shipping 6 international shipping 23 canada 15 please send dm if international first one to claim me or mine wins natural bestdeals turquoise for sale turquoiseterritory turquoise over diamonds cab cabs cabochon cabochonmaker cabsforsale camericanturquoiseabsupplier turquoise nevada forsale turquoiseoverdiamonds cabsforsale cabachonsupplier cabachons silversmith turquoisejewelry turquoiseterritory cabsforsale instasmithy roystonturquoise sonorangoldturquoise,Scam
natural australian opal doublets 587ct only 59 reference coin is a penny 19mm or 34 please claim with me or mine first class usps shipping 6 international shipping 23 canada 15 please send dm if international first one to claim me or mine wins natural bestdeals turquoise for sale turquoiseterritory turquoise over diamonds cab cabs cabochon cabochonmaker cabsforsale camericanturquoiseabsupplier turquoise nevada forsale turquoiseoverdiamonds cabsforsale cabachonsupplier cabachons silversmith turquoisejewelry turquoiseterritory cabsforsale instasmithy roystonturquoise sonorangoldturquoise,Scam
unbeatable deal,Not Scam
natural australian opal doublets 18ct only 18 reference coin is a penny 19mm or 34 please claim with me or mine first class usps shipping 6 international shipping 23 canada 15 please send dm if international first one to claim me or mine wins natural bestdeals turquoise for sale turquoiseterritory turquoise over diamonds cab cabs cabochon cabochonmaker cabsforsale camericanturquoiseabsupplier turquoise nevada forsale turquoiseoverdiamonds cabsforsale cabachonsupplier cabachons silversmith turquoisejewelry turquoiseterritory cabsforsale instasmithy roystonturquoise sonorangoldturquoise,Scam
natural australian opal doublets only 15 reference coin is a penny 19mm or 34 please claim with me or mine first class usps shipping 6 international shipping 23 canada 15 please send dm if international first one to claim me or mine wins natural bestdeals turquoise for sale turquoiseterritory turquoise over diamonds cab cabs cabochon cabochonmaker cabsforsale camericanturquoiseabsupplier turquoise nevada forsale turquoiseoverdiamonds cabsforsale cabachonsupplier cabachons silversmith turquoisejewelry turquoiseterritory cabsforsale instasmithy roystonturquoise sonorangoldturquoise,Scam
natural australian opal doublets 523ct only 52 reference coin is a penny 19mm or 34 please claim with me or mine first class usps shipping 6 international shipping 23 canada 15 please send dm if international first one to claim me or mine wins natural bestdeals turquoise for sale turquoiseterritory turquoise over diamonds cab cabs cabochon cabochonmaker cabsforsale camericanturquoiseabsupplier turquoise nevada forsale turquoiseoverdiamonds cabsforsale cabachonsupplier cabachons silversmith turquoisejewelry turquoiseterritory cabsforsale instasmithy roystonturquoise sonorangoldturquoise,Scam
natural australian opal doublets 14ct only 17 reference coin is a penny 19mm or 34 please claim with me or mine first class usps shipping 6 international shipping 23 canada 15 please send dm if international first one to claim me or mine wins natural bestdeals turquoise for sale turquoiseterritory turquoise over diamonds cab cabs cabochon cabochonmaker cabsforsale camericanturquoiseabsupplier turquoise nevada forsale turquoiseoverdiamonds cabsforsale cabachonsupplier cabachons silversmith turquoisejewelry turquoiseterritory cabsforsale instasmithy roystonturquoise sonorangoldturquoise,Scam
lucky tire wheels best deal all wheels tires wheels tires liftkit drop kit,Not Scam
natural australian opal doublets 242ct only 24 reference coin is a penny 19mm or 34 please claim with me or mine first class usps shipping 6 international shipping 23 canada 15 please send dm if international first one to claim me or mine wins natural bestdeals turquoise for sale turquoiseterritory turquoise over diamonds cab cabs cabochon cabochonmaker cabsforsale camericanturquoiseabsupplier turquoise nevada forsale turquoiseoverdiamonds cabsforsale cabachonsupplier cabachons silversmith turquoisejewelry turquoiseterritory cabsforsale instasmithy roystonturquoise sonorangoldturquoise,Scam
natural australian opal doublets 58ct only 58 reference coin is a penny 19mm or 34 please claim with me or mine first class usps shipping 6 international shipping 23 canada 15 please send dm if international first one to claim me or mine wins natural bestdeals turquoise for sale turquoiseterritory turquoise over diamonds cab cabs cabochon cabochonmaker cabsforsale camericanturquoiseabsupplier turquoise nevada forsale turquoiseoverdiamonds cabsforsale cabachonsupplier cabachons silversmith turquoisejewelry turquoiseterritory cabsforsale instasmithy roystonturquoise sonorangoldturquoise,Scam
2009 harleydavidson flhrc road king classic 6995,Not Scam
last one for today thankyou everyone natural australian opal doublets 455ct only 46 reference coin is a penny 19mm or 34 please claim with me or mine first class usps shipping 6 international shipping 23 canada 15 please send dm if international first one to claim me or mine wins natural bestdeals turquoise for sale turquoiseterritory turquoise over diamonds cab cabs cabochon cabochonmaker cabsforsale camericanturquoiseabsupplier turquoise nevada forsale turquoiseoverdiamonds cabsforsale cabachonsupplier cabachons silversmith turquoisejewelry turquoiseterritory cabsforsale instasmithy roystonturquoise sonorangoldturquoise,Scam
2018 harleydavidson fxbb street bob 8495,Not Scam
surf skyline views and sunny vibessydney is the ultimate travel destination whether youre lounging on bondi beach or snapping pics at the sydney opera house theres something for every traveler,Not Scam
apartamente 11 21 31 te hora vertikale te 21 dhjetori,Not Scam
2018 harleydavidson flhrxs road king special 9795,Not Scam
2023 harleydavidson fxlrs low rider s 13995,Not Scam
google pixel 8a available at a discounted price,Not Scam
2022 kia forte lxs sold,Not Scam
2020 harleydavidson xl883n sportster iron 883 only 442 miles 5995,Not Scam
,Not Scam
truck month is here dont miss out on unbeatable deals at shawnee mission ford stop by today and drive home your dream truck,Not Scam
this beautiful lightweight floral spring blouse from j crew has a very pretty print and ruffled collar detail making it perfect for the girly girl who loves warmer weather size available is small most offers are accepted,Not Scam
these shoes are so cool theyre size 45 youth and only 16 for a sameday hold please give us a call at 8133583123,Scam
sold 2024 alfa romeo giulia ti loaner signed and delivered come get your alfa romeo today i have amazing deals going on right nowautobroker autobrokers autobrokerage autobrokersales autobrokerdeals autobrokersinla autobrokerorangecounty leasingagent leasingcompany carleasing bestdeals luxurylifestyle luxury alfaromeo celebrity orangecounty anaheim santamonica palmsprings sandiego inlandempire riversidecounty venturacounty southbay longbeach glendale losangeles hollywood newportbeach norcal,Scam
vera bradley purse,Not Scam
sold 2024 vw jetta sport signed and delivered come get your vw today i have amazing deals going on right nowautobroker autobrokers autobrokerage autobrokersales autobrokerdeals autobrokersinla autobrokerorangecounty leasingagent leasingcompany carleasing bestdeals luxury luxurylifestyle vw celebrity orangecounty anaheim santamonica palmsprings sandiego inlandempire riversidecounty venturacounty southbay longbeach glendale losangeles hollywood newportbeach norcal,Scam
huge congratulations to our amazing client sarah marsolais on her new ride were thrilled to have helped you upgrade to this stunning 2022 dodge ram 1500 a sporty powerhouse thats as blue as the sky on this beautiful wednesday afternoon especially on bgccornwallsdg pink shirt day 2025,Not Scam
nagradna igra veera za dvoje,Not Scam
giveaway alert,Scam
are we done with sweater weather because i personally cant decide,Not Scam
all entries must be received by 9 pm est tonight february 26 2025 military tribute banners will review each honorees story and select one winner for our military tribute honor flag giveaway we will post the winner this friday february 28 2025,Scam
chocolate wedding babyshower graduation party giveaway,Scam
playerspass giveaway own a piece of cricket greatness,Scam
our very simple but timeless all pearl heart bracelet with gold spacer beads this can be made with any variation of spacer beads or even a half and half combination of hearts and colour these are 6 each and can be customised however you wish,Not Scam
tatianaofficial15 models makeupartist makeup chemistrylove gamer game girl giveaway gym tiktok blogger selfie cameraarkasi,Scam
whos ready for some fresh mountain air,Not Scam
happy 2nd book birthday to total obsession,Not Scam
posted withregram vantrueofficial vantrue e1 pro giveaway alert,Scam
so happy to announce we finally hit 100 followers on our page,Not Scam
score the official library card of the las vegas raiders during our libraryloversmonth celebration enter our giveaway to win cool prizes,Scam
giveaway,Scam
were on the road to 3000 followers and we want to celebrate with you,Not Scam
its okay to feel a little lost artist giveaway newmusic upcomingartist rcarecords lifestyle followforfollowback miami hiphop drake kendricklamar followme viral famous,Scam
t2mc tshirt giveaway,Scam
chicas es hora de consentirnos,Not Scam
posted withregram babyhug babyhug kick scooter giveaway,Scam
spotlight time thank you to jaimerockstarbooktours and camillatracy for having me on the tour life has been a little chaotic but i was so excited to get this package in the mail it really made my day thank you so much,Not Scam
huge thank you to roniveesboutique for hosting this spectacular giveaway i was fortunate enough to win i have been following her for a lil while now so getting these prizes means so much tyyyy please go follow her,Scam
900 orders we are absolutely blown away by your support to celebrate this amazing milestone were giving away a 25 gift card to our online boutique,Not Scam
free screening,Not Scam
giveaway players of life guadalajara y vicecycle te invitan a una de sus clases de ride una el da sbado 01 de marzo a las 1200 pm y la otra el da domingo 02 de marzo a las 1000 am,Scam
lightsonlefloss does it again in 2024 got my yard sign and 100 lowes gift card delivered today ive decided to give away the gift card to a norwalk resident in need details below,Not Scam
congrats faithwosmek you won a 50 jfr gift card,Not Scam
concours tutoriel le n16 le chat pdf disponible en franais en english us term,Not Scam
manelove giveaway biomaneproducts,Scam
carnaval con farmacias pez,Not Scam
repost from justalilzilla,Not Scam
giveaway za 8 mart,Scam
its winitwednesday,Not Scam
packing this special custom press on set for our valentines giveaway winner,Scam
competition time,Not Scam
giveaway two picks,Scam
sephora giveaway,Scam
s1tu5 par4 pem3nang m0dal rec3h dij4m1n m3nang b4ny4k,Not Scam
peace youtubenardonation,Not Scam
do not i mean do not miss out on our mega massive break show this saturday statue giveaways and lots of hot hot hot ladies 1pm est link bio check out our story,Not Scam
ateno,Not Scam
its giveaway time,Scam
we had so much fun meeting everyone at the mizzou housing fair we hope to be the place to assist you with all your 2526 housing needs be sure to check those emails as weve already reached out to connect with you,Not Scam
competition why my mums a star,Not Scam
who doesnt want free money to support a good cause and small businesses as well as have adorable items that make you smile every time you see them,Not Scam
lets play a game,Not Scam
live draw tomorrow 20 sold,Not Scam
introducing evas march madness first special dropping friday stay tuned,Scam
daily quiz in ramadan understand your health nutrition better while fasting and win some cash,Not Scam
a huge congrats to gary the lucky winner of our bbq giveaway at moretonbayexpo we hope you enjoy plenty of delicious bbq feasts,Scam
concours gagne pour plus de 500 de supplments produits de chez shopsante,Not Scam
participa en nuestro giveaway del diplomado en psicologa clnica,Scam
return for active play,Not Scam
giveaway time,Scam
hadiah mingguan untuk semua player,Not Scam
winner winner steak dinner,Not Scam
well done to our winners tonight and all instant winners today,Not Scam
we are so excited to be attending crufts this year with nutravet,Not Scam
shopperfectlymadecom,Not Scam
8 mart giveaway poklon za nae dame,Scam
im so excited to celebrate 10 years of beautiful colors,Not Scam
a quick sneak peek at the 2 product raffles ill be giving away crunchmonroe on saturdays pre sale party 10am2pm dont miss out on an opportunity to take home some amazing hair products,Scam
giveaway time if you know anything about me or my page you know we love siser so with that being said we have partnered together so you can experience how amazing these products are if you were to win what would you create with your new juliet,Scam
comment chop life and you may win a snack box from us,Not Scam
southlake are you ready for one of our biggest events of the year,Scam
small irish jeweller please buy and support smallbusiness smallbusinesssupport smallbusiness owner fyp support jeweller irish giveaway,Scam
its almost march and that means marchmadness is upon us grab a shirt from us to crown your bracket challenge winner httpswwwebaycomstrsteelcityclothingcompanyllc giveaway ncaa collegebasketball,Scam
happy winitwednesday today we are giving away an instax mini 12 camera to be entered to win comment below who you want to take a selfie with,Not Scam
win a ride along at fuelfest in tampa florida 4 winners will ride in the driftfactory cars,Not Scam
exclusive berry crumble giveaway,Scam
its a busy work week for me how are you,Not Scam
swag giveaway,Scam
thanks to a generous sponsor one of my lucky followers has the chance to win a free photoshoot this amazing giveaway includes up to 1 hour of shoot time and 2530 beautiful images returned to you its perfect for portraits small families of 4 or couples,Scam
march giveaway,Scam
celebrate fat tuesday with us pig out on some delicious paczki,Not Scam
win it wednesday,Not Scam
giveaway time is this too much for a little spring break in auburn,Scam
for my one year of doing nails im doing a giveaway thank you guys so much for supporting me in my journey i appreciate every single one of you guys,Scam
persnliche frage seit wann sammelst du,Not Scam
a big shout out to squipusa for sending out these expanders i personally love to sleep in these because it helps you get more air while you sleep i cant wait to have my mans try them out,Not Scam
get your 100 shein gift card now limited time offer,Not Scam
congratulations to the lucky winners you have won merchandise of the white olive tree,Not Scam
giveaway alert as a thank you to give back to my incredible community i am doing a giveaway for one of my upcycled leather posca purses to enter the giveaway you must like this post be following my account and tag someone who is an art lover one additional vote if you tag two people the giveaway is exclusive to us domestic shipping i will be drawing the winner on friday march 28th love yall good luck giveaway artgiveaway artaccount artistsoninstagram posca upcycling artpage colorful womanownedbusiness paychedelicart poscaart poscapens leather thrifting sweepstakes artcommunity,Scam
free ebook giveaway nosferatu vampire horror adventure mashup dracula of the apes book one the urn available at your favorite online bookstore and as no strings attached direct download gwellstaylor click link in bio,Scam
announcement,Not Scam
o nosso primeiro giveaway,Scam
flash giveaway,Scam
chocolate favors,Not Scam
were celebrating our new instagram with a money tree giveaway bring some good luck and greenery into your homeheres how to enter,Scam
blue print cut out maxi,Not Scam
led night light plug in,Not Scam
customized shorts and other customised clothing products are available we offer high quality customised street wear customised sports wears customised sports uniforms for clothing brands thinking to startup a clothing brand we are here to provide cut and sew services available at best prices,Not Scam
trouser fashion trousers tshirt tracksuit hoodies style tracksuits usa shirt sportswear clothing pants hoodie tshirts pant jacket apparel uk dress instagram trouserstyles pakistan jeans gymwear ootd onlineshopping activewear shorts streetwear,Not Scam
happy wednesday your toyoftheday today is a mattel masters of the universe 200x mutant slime pit and mutant warrior playset,Not Scam
denim is a timeless love thats especially true for the skyler risen flare pants available in sizes 1 3xl,Not Scam
newest design enhance your home or office decor with beautiful,Not Scam
fashion that fits your lifestyle our pieces are built for those who move with intentionbecause your wardrobe should reflect who you are,Not Scam
poof who knew superpowers came in the form of unexpected air embrace your inner superhero and awkward moments with our queefing is my superpower shirt this hilarious and slightly inappropriate tee is perfect for those who love to shock joke and own their embarrassing moments like a queen,Not Scam
why did we choose our it girl emily to be the face of bettermode fashion all it takes is one look into those eyes to see that she is smart confident radiant alluring and most of allyou,Scam
get ready to turn heads in this restocked maxi dress grab this beauty now to add to your spring wardrobe plus today only enjoy free shipping receive a free bow sweater when you use code happyspring at checkout,Scam
a day in the life of precision every second tells a story,Not Scam
bold looks unbeatable prices,Not Scam
swipe for more colourslive video,Not Scam
cartera bolsotejida al crochet con totora o trapillo de tul aprovechla para la playa para matera para lucirte con este hermoso diseo,Not Scam
when it comes to wardrobe essentials a trusty white tshirt can do no wrong whether you desire a slimfit style or prefer a more vintage look were rounding up 10 bestselling and reviewerapproved white tshirts for any style preference and budget,Not Scam
only 3 of these beauties left grab them before they are gone,Not Scam
quality in every stitch detail in every angle,Not Scam
racer back maxi dress,Not Scam
beige halter vest pant set,Not Scam
shop save in style,Not Scam
ramzan arrival,Not Scam
patek philippe geneve watch mineral glass high quality chain master power lock anzashoppingstore,Not Scam
new satin pants are now available caramellefashionleb in sml,Not Scam
new arrival for ramzan,Not Scam
klasina elegancija u tri nijanse zlatni rozezlatni i srebrni prsten sa cirkonima koji nikad ne izlaze iz mode savren dodatak za svaki stil,Not Scam
trending insta meme fashionblogger viral photoshoot explorepage india likes new bhfyp dance tiktok trending reels youtube funnymemes onlineshopping trend comment comedy,Not Scam
i have the ideal gift for your loved ones,Not Scam
assalam o alaikum,Not Scam
my beautiful smeg coffee machine,Not Scam
bold breezy and beautifully embroidered these cuffed jeans are a musthave for spring style,Not Scam
theglamempire,Not Scam
are you ready for this we present you lets party sueded tshirt trendy tshirt cute sueded tee,Not Scam
choose from a collection of trendy fall dresses just from our lawn embroidered range so what you are waiting for grab your favorite one now,Scam
michael had been running his handcrafted furniture business for over a decade his craftsmanship was exceptional and wordofmouth kept him busy enough,Not Scam
shine bright this spring with the diamond pattern bling short a little sparkle and a lot of style,Not Scam
wed like to extend a big thank you to marisadame she walked in the nuestra cultura gala this past weekend and absolutely rocked her look thank you for representing bluebird boutique in such a beautiful confident way,Not Scam
cmo lograr que tu marca sea ms humana en un mundo digital,Not Scam
now available at the pop topic shop items are also listed on our website wwwpoptopicshop,Not Scam
collection tarot voyage,Not Scam
my buddy came in today and picked up this dogtown deck 5150skateshop dogtownskates skateshop skateboardshop mooresville lakenorman northcarolina onlineshopping instoreshopping,Not Scam
elegancija i mo u jednom outfitu,Not Scam
magic necklaces,Not Scam
hello and welcome to sweet picks shop,Not Scam
sweatshirt season,Not Scam
nova kolekcija,Not Scam
preorder only,Not Scam
hunny im home yarn tshirt,Not Scam
link in bio an exciting deal awaits you get the engaging and educational learning resources sorting surprise picnic baskets now at a discounted price of 900 originally valued at 1259 ideal for keeping the youngsters actively learning having fun hurry because good deals wont last for long nkesefdeals learningresources picnicbaskets educationaltoys salealert dealsoftheday onlineshopping discountsales bargainhunt,Not Scam
sapuneartizanalesapunnatyralartizanatsapunmequmeshtdhiekujdesiperlekurenvlorealbaniakujdesiperlekurensapunearomatikedhuratatepersonalizuaradhuratatevecantaonlineshoponlinebussinesonlineshopping,Not Scam
with these prices were all lucky,Not Scam
swipe for more colours,Not Scam
dg00170,Not Scam
waiting for payday,Not Scam
huge clearance sale,Scam
we are manufacturers of top quality sports wears fashion wears gym wears dancing wears and leather wears too,Not Scam
elevate your campaigns with us,Not Scam
red alert dripboxclothing,Not Scam
dg0080,Not Scam
dont talk to me crewneck sweatshirt,Not Scam
this is huge arieyl just leveled up in every way simpler checkout apple pay shopify,Not Scam
dg00100,Not Scam
white oud attar is a rare and exquisite fragrance derived from the precious agarwood known for its deep woody and captivating aroma what sets white oud apart is its lighter more refined scent profile making it a versatile choice for both men and women,Not Scam
whatsapp or dm us to order,Scam
dg0040,Not Scam
customers order pleaseswipe mulesbaggreen,Not Scam
stay warm stay stylish our signature crewnecks are now on salebecause you deserve comfort without compromise enjoy 15 off with code crew15,Not Scam
you asked we listened were bringing back 6 inch stainless steel boning knife,Not Scam
selling fast grab yours before its gone shopwithnaynay,Not Scam
oh but yes,Not Scam
dg0050,Not Scam
los mejores jeans hechos en mxico con la mejor mezclilla luce espectacular y cmoda siempre jeans jeanslovers jeansfashion fabricantes moda mayoreo menudeo jeansdama jeansmom jeanscargo jeanswideleg jeansskinny guadalajara enviosnacionales denim denimlovers quality onlineshopping autentica exclusiva diseosexclusivos calidad mezclillapremium mezclillastyle aesthetic trending,Not Scam
cade with a beautiful upper yakima bow fishing has been great and the upper river is still in good shape check our bio for the most recent fishing report,Not Scam
techno trade solutions limited,Not Scam
aldo sifarisimiz ox irin,Not Scam
transition into warmer weather with this adorable romper,Not Scam
tema bob mccune fisicoculturismo clsico,Not Scam
stay tuned,Not Scam
come shop our trendy inventory have questions please call 2252934168 platoscloset batonrouge shoplocal ootd fashion instastyle onlineshopping shopsmall shopping sale online shop clothes newarrivals gentlyused,Scam
watches watch watchesofinstagram watchcollector watchoftheday watchaddict watchfam watchlover wristwatch rolex fashion instawatch watchgeek horology watchnerd watchphotography timepiece watchmania luxury luxurywatches wristshot dailywatch jamtangan watchcollection seiko luxurywatch wristporn onlineshopping watchuseek style zenith hadleyroma,Not Scam
watches watch watchesofinstagram watchcollector watchoftheday watchaddict watchfam watchlover wristwatch rolex fashion instawatch watchgeek horology watchnerd watchphotography timepiece watchmania luxury luxurywatches wristshot dailywatch jamtangan watchcollection seiko luxurywatch wristporn onlineshopping watchuseek style,Not Scam
dg00120,Not Scam
paisley all over print,Not Scam
petal parade body mist,Not Scam
ramadan collection 2025,Not Scam
status anxiety,Not Scam
customized sublimation print zipper t shrit and other products,Not Scam
polo tracksuits available,Not Scam
check out adorable jayne moore all dressed in vintagegypsy boutique,Not Scam
main character energy,Not Scam
1gramgold onegramjewellery 1gram onlineshopping shopping onlineshopping victoria victoriajewellery reels trending,Not Scam
guess x northface x nike zions,Not Scam
teddy speendoekjes personaliseer deze leuke doekjes met naam gift idea helemaal leuk om als kraamcadeautje te geven,Not Scam
upcoming launch sunflower khadhi cotton,Not Scam
bape top x bape pants x nike ja morants,Not Scam
limited edition coach bag with tags,Not Scam
tomorrows ticket is avalible and confirmed,Not Scam
summer collection 2025,Not Scam
sipari iin dm den iletiime geebilirsiniz,Scam
our product line features an enormous array of highquality affordable merchandise visit our online superstore free shipping in usa,Scam
ramadan special,Not Scam
new design called friendship has no color,Not Scam
dg00155,Not Scam
orly glosser ia a high shine top coat that gives your polish lasting protection and a gorgeously glossy finish,Not Scam
dg0085,Not Scam
our new space is taking a little longer than antcipated so we decided to have a few pop ups while we wait the first one being this weekend,Scam
the beautiful baia rug from the altro mondo collection named after the starstudded italian nightclub frequented by discoera icons like grace jones and amanda lear this sensational hide rug features a mosaic of natural hide tones enhanced with a splash of silver metallic explore the full collection on our website,Scam
from a cold day a few years back i have some prime days for skwala action in midlate march available shoot me a message to get on the water,Not Scam
dg00130,Not Scam
its auction day1 and time is almost up to bid on these milo baughman for flair furniture mcm cutout lounge chairs in our february 26th 27th mcm and arts crafts auctionsmclarenauctioncom to view the entire catalog and get registered to bid,Not Scam
dm or whatsapp us to order,Scam
apni marji ka raja,Not Scam
inspo,Not Scam
kindeymiyaram,Not Scam
its wearitwednesday everyone post your selfies and tag me and be entered to win free bling paparazziaccessories paparazzi onlineshopping shop joinme jewelry 5dollarbling wednesday,Not Scam
yepyeni shopping instashopping onlineshopping fashion style love follow design instagram tasarm moda elii doalta naturalstone 925 gm silver alveri ankara yzk bileklik ahmeran kolye kpe set 2025,Not Scam
atsurotayama floating with layer,Not Scam
its auction day1 and time is almost up to bid on this l jg stickley quartersawn oak grandfather clock model 86 in our february 26th 27th mcm and arts crafts auctionsmclarenauctioncom to view the entire catalog and get registered to bid,Not Scam
istiarahmedofficial,Not Scam
dont wanna break the bank then its the perfect sneaker for your babygirl,Not Scam
living life by my own terms,Not Scam
for i know the plans i have for you,Not Scam
stripes with a touch of sparkle the embellished blouse thats as unique as you are,Not Scam
3piece white dress little family,Not Scam
cute teddy bears garden flag 19x27 doublesided yard flags for outside outdoor all seasonal decoration,Not Scam
linkinbio shoponline onlineshopping winchester winchesterwildcat wildcat forgedcarbongray bronsonandbronson kingstonontario ontariocanada smallbusiness localbusiness familyownedandoperated canadiansmallbusiness,Not Scam
descubre pacolola una forma joven y moderna de disfrutar el vino reconocida en todo el mundo por su imagen sofisticada y divertida s parte de la nueva generacin de amantes del vino salud,Not Scam
new hobby mio product,Not Scam
know someone named josie who would love this hat leave an emoji in the comments for a chance to wln,Not Scam
get ready to dance like an angel with saint augustins inspiring words in mind whether youre a dance pro or just learning the steps show off your love for dancing and faith with our exclusive design shop our collection of tshirts hoodies mugs and more at the genuflect store check out our profile for the link to shop now,Not Scam
i only have 1 poppy pout tinted lip balm let in each color,Not Scam
your home but make it fivestar,Not Scam
elegancija i stil u jednom,Not Scam
its auction day1 and time is almost up to bid on this 1930s catalina pottery ivory glaze arts crafts style indian vase in our february 26th 27th mcm and arts crafts auctionsmclarenauctioncom to view the entire catalog and get registered to bid,Not Scam
rupees 2000 only,Not Scam
engidex is scamming crypto users stealing their funds and refusing withdrawals lost ethereum or usdt contact me to recover your money now,Not Scam
notzy is scamming crypto users stealing their funds and refusing withdrawals lost ethereum or usdt contact me to recover your money now,Not Scam
warning kresbit is scamming investors,Not Scam
suspicious email potential scam,Scam
as hospice scams become more,Not Scam
feedash is blocking withdrawals and stealing funds from crypto holders if youve lost usdt eth or other cryptocurrencies reach out to me now for professional recovery assistance,Not Scam
stay safe,Not Scam
think twice before trusting lobitcoin,Not Scam
this platform is a scam if youre struggling to withdraw your cryptocurrencies reach out now to recover your funds,Scam
swiftcryptox is a scam,Scam
scam alert,Scam
engidex is scamming crypto users by stealing their funds and refusing withdrawals if youve lost ethereum usdt or other assets dont waitcontact me now for help recovering your money,Not Scam
if youve been misled into investing in the notzy platform im here to help reach out to me via direct message now for assistance with recovering your funds,Not Scam
warning notzy is a scam,Scam
urgent scam warning,Scam
stay away,Not Scam
if youve lost ethereum usdt or btc to wirbit youre not alone theyre blocking withdrawals and taking funds reach out to me immediately to recover your money before its too late,Not Scam
lost your cryptocurrency or money to scam we can help you with recovery in 30 minutes dm asap,Scam
important notice protect yourself from scammers,Not Scam
getting back cryptocurrency and fraud cases from different ponzi schemes has been really a pain in the ass with so many scammers into the space of helping you recover,Not Scam
urgent warning,Not Scam
need help recovering funds from bpstockpro theyre blocking withdrawals and taking crypto message me today,Not Scam
dont trust civodex,Not Scam
crypto investors beware,Not Scam
lost ethereum usdt or btc to wirbit,Not Scam
gatbit is scamming crypto investors if you lost money or cant withdraw your funds contact me now to recover them crypto scam cryptoscam scamalert investmentscam gqfx euronext europeanex 987btc coinfaxpro fascrypto usdcbtc brckex brcpro ysbit neptunerecovery,Scam
warning syncryptonet is a scam,Scam
feedash is blocking withdrawals and stealing funds from crypto holders if youve lost usdt ethereum or other cryptocurrencies contact me now for expert recovery assistance,Not Scam
you can still submit reports with the consumer financial protection bureau cfpb and federal trade commission ftc if youre a victim of fraud or think you might be targeted we have links and instructions at wwwlacsnorgfraud for those agencies as well as for nvattorneygeneral and bbbsouthnv,Not Scam
attention service members,Not Scam
feedash is blocking withdrawals and stealing funds from crypto users if youve lost usdt or ethereum reach out to me now for professional recovery assistance,Not Scam
scam alert federal jury subpoena calls,Scam
warning,Not Scam
your funds are in danger,Not Scam
cyber update,Not Scam
scam alert fake toll notice,Scam
swiftcryptox is scamming crypto users stealing their funds and refusing withdrawals,Not Scam
can you tell a real message from a phishing scam scammers are getting sneakier and one wrong tap could cost you check out our tips and learn how to spot and avoid dangerous links so you dont fall for their tricks,Scam
fraud alert,Not Scam
scam alert feedash,Scam
scam alert series part 3 grandparent scam,Scam
dont fall for the scam,Scam
avoid axellbit bituzer,Not Scam
hi there having trouble withdrawing your crypto,Not Scam
insta instagram reelpost reelsinstagram reels scams saopaulo scammer scamalert mexico,Not Scam
warning to all investors,Not Scam
urgent warning bpstockpro is a scam,Scam
urgent alert bpstockpro is a scam,Scam
scam alert upflyexcom,Scam
have you heard of the grandparent scam despite the name it is a deceitful con that preys on people of any age by pretending to be a child or a legal representative who desperately needs money for bail legal fees or medical expenses,Scam
warning rouidsanp taireqawe are scams dwo is a fake coin with no withdrawal option dm me for help in recovering your funds cryptoscam scamalert coinmgt veridexprime veridexfinance cryptfinance euronext xrpscam usdcbtc brcpro eurodex cryptorecovery scam,Scam
investors beware,Not Scam
scam alert we have been made aware of a scam impersonating naskila casino using fraudulent ads by top games please do not download the app or enter any payment information we are actively working on this issue,Scam
scam alert protect yourself,Scam
rb tackle is a disgrace to the fishing industry the owner is a racist and discriminates against other lifestyles supporting this store and its silly scamming tournaments is not smart but dont say i didnt warn you margate florida offers another shop where you will be welcomed and cared for check them out,Not Scam
another thing ive realized about people who fall for scams,Not Scam
Click this link to claim your free reward!,Scam
Congratulations! You won a prize!,Scam
You've won a prize!,Scam
Urgent: Verify your account details,Scam
Click here to claim your refund,Scam
Your package is waiting for delivery - click to track,Scam
A family member needs your help,Scam
Limited time offer - get this deal now,Scam
We noticed suspicious activity on your account,Scam
Your credit card is about to expire,Scam
Respond to this message to reactivate your account,Scam
Click this link to see your private photos,Scam
Limited time offer!,Scam
Click here to claim your free gift!,Scam
You've been selected for a special promotion!,Scam
Make money fast from home!,Scam
Don't miss out on this exclusive deal!,Scam
Your personal information has to be updated ASAP before you account to be terminated,Scam
